<?xml version="1.0" encoding="utf-8"?>
<ChartParameters xmlns:xsd="http://www.w3.org/2001/XMLSchema" xmlns:xsi="http://www.w3.org/2001/XMLSchema-instance">
  <ChartType>Bar</ChartType>
  <CurrentChartTitle>Chart Title</CurrentChartTitle>
  <IsTitleVisible>true</IsTitleVisible>
  <IsLegendVisible>true</IsLegendVisible>
  <LegendDocking>Right</LegendDocking>
  <LegendAllignment>Near</LegendAllignment>
  <LegendWidthOffset>1</LegendWidthOffset>
  <LegendHeightOffset>1</LegendHeightOffset>
  <LegendSizeIncreaseAmount>1.2</LegendSizeIncreaseAmount>
  <LabelShown>true</LabelShown>
  <LabelStringFormat>{1:0.0}</LabelStringFormat>
  <xmajor>false</xmajor>
  <xminor>false</xminor>
  <ymajor>false</ymajor>
  <yminor>false</yminor>
  <AxisLabelAngle>0</AxisLabelAngle>
  <Pie_IsMarkered>true</Pie_IsMarkered>
  <PieCustom_DrawingStyle>Default</PieCustom_DrawingStyle>
  <PieCustom_PieStartAngle>0</PieCustom_PieStartAngle>
  <BarColumnCustom_PixelPointWidth>20</BarColumnCustom_PixelPointWidth>
  <axisLineWith>1</axisLineWith>
  <ShowBorderPie>false</ShowBorderPie>
  <ShowBorderColBar>false</ShowBorderColBar>
  <BorderColorPie>#FFAABBCC</BorderColorPie>
  <LabelLineColor>#55AABBCC</LabelLineColor>
  <BorderColorCol>#FF000000</BorderColorCol>
  <borderWidthPie>0</borderWidthPie>
  <borderWidthCol>0</borderWidthCol>
  <labelLineWidth>0</labelLineWidth>
  <is3D>false</is3D>
  <Angleof3D>35</Angleof3D>
  <FixLabelOverlap>false</FixLabelOverlap>
  <AutoTitle>true</AutoTitle>
  <ChartImageSizeMultiplier>1</ChartImageSizeMultiplier>
  <ChartSize>
    <Width>1000</Width>
    <Height>300</Height>
  </ChartSize>
  <ChartVisibleSize>
    <Width>0</Width>
    <Height>0</Height>
  </ChartVisibleSize>
  <AutoSize>true</AutoSize>
  <FitToWindow>true</FitToWindow>
  <ChartSizeLocked>false</ChartSizeLocked>
  <IsWindowSizeSelected>true</IsWindowSizeSelected>
  <FontRatioIption>1</FontRatioIption>
  <windowPercent>100</windowPercent>
  <NumberOfItems>0</NumberOfItems>
  <Current_ChartValueSelect>PercentOnly</Current_ChartValueSelect>
  <ChartTypeDetail>ColumnWithLine</ChartTypeDetail>
  <FoldValueMaxLimit>300</FoldValueMaxLimit>
  <MaxItemsOnChartData>20</MaxItemsOnChartData>
  <ShowPValueInPieDough>false</ShowPValueInPieDough>
  <ShowPValueInBarColumn>true</ShowPValueInBarColumn>
  <ShowPercentageInPieDough>true</ShowPercentageInPieDough>
  <ColumnChartPaleteColorsBool>false</ColumnChartPaleteColorsBool>
  <ColumnChartPaleteColors />
  <ColumnChartPaleteColorsBool2>false</ColumnChartPaleteColorsBool2>
  <ColumnChartPaleteColors2 />
  <ColumnChartPaleteColorsBool3>false</ColumnChartPaleteColorsBool3>
  <ColumnChartPaleteColors3 />
  <FoldColorUp>#ff1465C0</FoldColorUp>
  <FoldColorDown>#ffff8500</FoldColorDown>
  <TitleFont>Calibri, 12pt, style=Bold</TitleFont>
  <TitleFontColor>Black</TitleFontColor>
  <LegendFont>Calibri, 12pt, style=Bold</LegendFont>
  <LegendFontColor>Black</LegendFontColor>
  <Labelfont>Calibri, 12pt, style=Bold</Labelfont>
  <Labelcolor>Black</Labelcolor>
  <axisXfont>Calibri, 12pt, style=Bold</axisXfont>
  <axisYfont>Calibri, 12pt, style=Bold</axisYfont>
  <axisXfontColor>Black</axisXfontColor>
  <axisYfontColor>Black</axisYfontColor>
  <axisXtitle>Calibri, 12pt, style=Bold</axisXtitle>
  <axisYtitle>Calibri, 12pt, style=Bold</axisYtitle>
  <axisXtitleColor>Black</axisXtitleColor>
  <axisYtitleColor>Black</axisYtitleColor>
  <Chart_BorderColor>Black</Chart_BorderColor>
  <GridColor>LightGrey</GridColor>
  <BarPvalueSeriesColor />
  <BarPvalueReferenceSeriesColor />
  <ColumnChartPalete>None</ColumnChartPalete>
  <ColumnChartPalete2>None</ColumnChartPalete2>
  <ColumnChartPalete3>None</ColumnChartPalete3>
  <PvalueStarNotation>false</PvalueStarNotation>
</ChartParameters>