<?xml version="1.0" encoding="utf-8"?>
<HeatmapOption2 xmlns:xsd="http://www.w3.org/2001/XMLSchema" xmlns:xsi="http://www.w3.org/2001/XMLSchema-instance">
  <DoSwap>false</DoSwap>
  <ShowColLabel>true</ShowColLabel>
  <ShowRowLabel>false</ShowRowLabel>
  <FixFontOverlap>true</FixFontOverlap>
  <RowLabelPosition>R</RowLabelPosition>
  <ColLabelPosition>B</ColLabelPosition>
  <Dendrogramthickness>3</Dendrogramthickness>
  <Normalization>67</Normalization>
  <ColumnHeaderFont>
    <FamilyString>Calibri</FamilyString>
    <Size>9</Size>
    <Style />
    <StretchString>Normal</StretchString>
    <WeightString>Bold</WeightString>
    <BrushColorString>#FF000000</BrushColorString>
    <IsStrikethrough>false</IsStrikethrough>
    <IsUnderlined>false</IsUnderlined>
  </ColumnHeaderFont>
  <RowHeaderFont>
    <FamilyString>Calibri</FamilyString>
    <Size>9</Size>
    <Style />
    <StretchString>Normal</StretchString>
    <WeightString>Bold</WeightString>
    <BrushColorString>#FF000000</BrushColorString>
    <IsStrikethrough>false</IsStrikethrough>
    <IsUnderlined>false</IsUnderlined>
  </RowHeaderFont>
  <LegendFont>
    <FamilyString>Calibri</FamilyString>
    <Size>9</Size>
    <Style />
    <StretchString>Normal</StretchString>
    <WeightString>Bold</WeightString>
    <BrushColorString>#FF000000</BrushColorString>
    <IsStrikethrough>false</IsStrikethrough>
    <IsUnderlined>false</IsUnderlined>
  </LegendFont>
  <RorateColumnText>false</RorateColumnText>
  <ShowCellBorder>false</ShowCellBorder>
  <CellBorderThickness>2</CellBorderThickness>
  <RowDendroEnable>false</RowDendroEnable>
  <ColDendroEnable>false</ColDendroEnable>
  <MaxZScoreLegend>3</MaxZScoreLegend>
  <HeatmapWidth>2000</HeatmapWidth>
  <HeatmapHeight>1200</HeatmapHeight>
  <HeatColor1String>#FFFF0000</HeatColor1String>
  <HeatColor2String>#FF00FF00</HeatColor2String>
  <HeatColor0String>#FFFFFF00</HeatColor0String>
  <HeatColorMultistartString>#FFFFFF00</HeatColorMultistartString>
  <DendroLineColorString>#FF000000</DendroLineColorString>
  <CellBorderColorString>#FF000000</CellBorderColorString>
  <ColorPallateMine>66</ColorPallateMine>
  <AvoidNarrowLong>false</AvoidNarrowLong>
  <MultiColorScalingEnabled>false</MultiColorScalingEnabled>
  <MultiColorScaleHueMax>0</MultiColorScaleHueMax>
  <SquareMatrixExcessCellSize>0</SquareMatrixExcessCellSize>
  <LegendPosition>Right</LegendPosition>
  <IsSquareCellMatrix>false</IsSquareCellMatrix>
  <MaxRowssAllowedOnCanvas>3000</MaxRowssAllowedOnCanvas>
</HeatmapOption2>