<?xml version="1.0" encoding="utf-8"?>
<InteractionOption xmlns:xsd="http://www.w3.org/2001/XMLSchema" xmlns:xsi="http://www.w3.org/2001/XMLSchema-instance">
  <ShowLegend>false</ShowLegend>
  <disparsionlengthBig>150</disparsionlengthBig>
  <disparsionlengthSmall>130</disparsionlengthSmall>
  <disparsionOffset>0</disparsionOffset>
  <Layout>1</Layout>
  <Include_First_Neighbor>false</Include_First_Neighbor>
  <MinimunNumOfInteractionsToBringNode>0</MinimunNumOfInteractionsToBringNode>
  <ShowSingleNodes>false</ShowSingleNodes>
  <MinimunNumOfInteractionsToBringNode_EnableFilter>false</MinimunNumOfInteractionsToBringNode_EnableFilter>
  <CurrentExpanderState>false</CurrentExpanderState>
  <BackgroundColor>#ffdddddd</BackgroundColor>
  <LegendFont>
    <FamilyString>Segoe UI</FamilyString>
    <Size>12</Size>
    <Style />
    <StretchString>Normal</StretchString>
    <WeightString>Normal</WeightString>
    <BrushColorString>#FF000000</BrushColorString>
    <IsStrikethrough>false</IsStrikethrough>
    <IsUnderlined>false</IsUnderlined>
  </LegendFont>
  <MaxNodesAllowedOnCanvas>1500</MaxNodesAllowedOnCanvas>
  <MinimumSizeToDisplayZone>0</MinimumSizeToDisplayZone>
  <ClusterBiggingSeed>3</ClusterBiggingSeed>
  <ConnectorColorString>#ffffeedd</ConnectorColorString>
</InteractionOption>