<?xml version="1.0" encoding="utf-8"?>
<VennOption xmlns:xsd="http://www.w3.org/2001/XMLSchema" xmlns:xsi="http://www.w3.org/2001/XMLSchema-instance">
  <LabelFont>
    <FamilyString>Segoe UI</FamilyString>
    <Size>12</Size>
    <Style />
    <StretchString>Normal</StretchString>
    <WeightString>Normal</WeightString>
    <BrushColorString>#FF000000</BrushColorString>
    <IsStrikethrough>false</IsStrikethrough>
    <IsUnderlined>false</IsUnderlined>
  </LabelFont>
  <ValueFont>
    <FamilyString>Segoe UI</FamilyString>
    <Size>12</Size>
    <Style />
    <StretchString>Normal</StretchString>
    <WeightString>Normal</WeightString>
    <BrushColorString>#FF000000</BrushColorString>
    <IsStrikethrough>false</IsStrikethrough>
    <IsUnderlined>false</IsUnderlined>
  </ValueFont>
  <showChiSquarePValue>false</showChiSquarePValue>
  <FoldThresholdForQuantitativeVenn>2</FoldThresholdForQuantitativeVenn>
  <ShowCommonGenesInQuantitativeVenn>false</ShowCommonGenesInQuantitativeVenn>
  <VennColor1String>#961BA4E8</VennColor1String>
  <VennColor2String>#96E81B36</VennColor2String>
  <VennColor3String>#96FAF505</VennColor3String>
  <VennColor4String>#96FF8000</VennColor4String>
  <VennColorMaxString>#FF8A2BE2</VennColorMaxString>
  <VennColorMinString>#FFF5F5F5</VennColorMinString>
  <VennColorSetString>#FFD3D3D3</VennColorSetString>
  <ProportionalVenn>true</ProportionalVenn>
  <IdentifyGenes>false</IdentifyGenes>
  <IsAllCOmparisionVenn>false</IsAllCOmparisionVenn>
  <IsPercentageToo>true</IsPercentageToo>
</VennOption>