<?xml version="1.0" encoding="utf-8"?>
<VesicleOption xmlns:xsd="http://www.w3.org/2001/XMLSchema" xmlns:xsi="http://www.w3.org/2001/XMLSchema-instance">
  <TopItemCount>0</TopItemCount>
  <SpeciesString>Homo sapiens</SpeciesString>
  <TopItemCountCeilOrFloor>true</TopItemCountCeilOrFloor>
  <DefautLabelVesiclepedia>Vesiclepedia</DefautLabelVesiclepedia>
  <LastUsedContentType>0</LastUsedContentType>
  <LastUsedSpeciesIndex>17</LastUsedSpeciesIndex>
  <ShowEntrezIDforVesicleData>false</ShowEntrezIDforVesicleData>
  <ContentType>protein</ContentType>
  <ContentTypeInt>0</ContentTypeInt>
</VesicleOption>